bin,encoder_phase_counts,detrended_error_arcsec
0.000000000000000000e+00,0.000000000000000000e+00,-5.575534413996140692e+00
1.000000000000000000e+00,3.276800000000000068e+02,-1.651212057035067682e+00
2.000000000000000000e+00,6.553600000000000136e+02,1.423251267949456667e+00
3.000000000000000000e+00,9.830399999999999636e+02,2.783183657548769840e+00
4.000000000000000000e+00,1.310720000000000027e+03,2.317680107498648834e+00
5.000000000000000000e+00,1.638400000000000091e+03,1.570420480829659349e+00
6.000000000000000000e+00,1.966079999999999927e+03,2.107133770653647709e+00
7.000000000000000000e+00,2.293760000000000218e+03,3.211314359611941338e+00
8.000000000000000000e+00,2.621440000000000055e+03,3.635969007155077204e+00
9.000000000000000000e+00,2.949119999999999891e+03,2.910214778435813887e+00
1.000000000000000000e+01,3.276800000000000182e+03,2.620034359338649477e+00
1.100000000000000000e+01,3.604480000000000018e+03,3.234760970818910675e+00
1.200000000000000000e+01,3.932159999999999854e+03,4.326964235933412617e+00
1.300000000000000000e+01,4.259840000000000146e+03,4.727872278567335940e+00
1.400000000000000000e+01,4.587520000000000437e+03,4.070201170447355743e+00
1.500000000000000000e+01,4.915199999999999818e+03,3.489232156987417621e+00
1.600000000000000000e+01,5.242880000000000109e+03,4.280370791884020143e+00
1.700000000000000000e+01,5.570560000000000400e+03,4.877103015393818630e+00
1.800000000000000000e+01,5.898239999999999782e+03,4.512804384426789106e+00
1.900000000000000000e+01,6.225920000000000073e+03,4.221709048863648839e+00
2.000000000000000000e+01,6.553600000000000364e+03,3.861477199397592930e+00
2.100000000000000000e+01,6.881279999999999745e+03,4.216138779195557795e+00
2.200000000000000000e+01,7.208960000000000036e+03,4.132822416271811683e+00
2.300000000000000000e+01,7.536640000000000327e+03,3.929636273887524567e+00
2.400000000000000000e+01,7.864319999999999709e+03,3.616960532297350372e+00
2.500000000000000000e+01,8.192000000000000000e+03,3.339200101830156253e+00
2.600000000000000000e+01,8.519680000000000291e+03,3.684214433689952717e+00
2.700000000000000000e+01,8.847360000000000582e+03,4.135462057829739635e+00
2.800000000000000000e+01,9.175040000000000873e+03,4.428517776204717649e+00
2.900000000000000000e+01,9.502719999999999345e+03,4.247985483584606037e+00
3.000000000000000000e+01,9.830399999999999636e+03,4.029362682870587520e+00
3.100000000000000000e+01,1.015807999999999993e+04,4.002370357783281207e+00
3.200000000000000000e+01,1.048576000000000022e+04,5.029264457023362667e+00
3.300000000000000000e+01,1.081344000000000051e+04,5.572566671934269245e+00
3.400000000000000000e+01,1.114112000000000080e+04,5.014199032388329869e+00
3.500000000000000000e+01,1.146880000000000109e+04,4.141130256938217791e+00
3.600000000000000000e+01,1.179647999999999956e+04,3.768044761099542228e+00
3.700000000000000000e+01,1.212415999999999985e+04,4.195657663120718972e+00
3.800000000000000000e+01,1.245184000000000015e+04,4.267084514627492275e+00
3.900000000000000000e+01,1.277952000000000044e+04,3.149906029165538968e+00
4.000000000000000000e+01,1.310720000000000073e+04,1.858358551097349709e+00
4.100000000000000000e+01,1.343488000000000102e+04,1.624488943076889180e+00
4.200000000000000000e+01,1.376255999999999949e+04,1.856742217494512071e+00
4.300000000000000000e+01,1.409023999999999978e+04,1.743358995663293776e+00
4.400000000000000000e+01,1.441792000000000007e+04,8.683653321402440284e-01
4.500000000000000000e+01,1.474560000000000036e+04,1.181645197814763931e-01
4.600000000000000000e+01,1.507328000000000065e+04,1.149189209964243341e+00
4.700000000000000000e+01,1.540096000000000095e+04,1.872335271878668328e+00
4.800000000000000000e+01,1.572863999999999942e+04,1.330728887191599208e+00
4.900000000000000000e+01,1.605631999999999971e+04,4.440986238026329858e-01
5.000000000000000000e+01,1.638400000000000000e+04,1.682820746518386701e-01
5.100000000000000000e+01,1.671168000000000029e+04,3.535798561793672690e-01
5.200000000000000000e+01,1.703936000000000058e+04,-3.085409527904428018e-01
5.300000000000000000e+01,1.736704000000000087e+04,-1.533415782984773434e+00
5.400000000000000000e+01,1.769472000000000116e+04,-2.678250411778298368e+00
5.500000000000000000e+01,1.802240000000000146e+04,-2.789625602214359734e+00
5.600000000000000000e+01,1.835008000000000175e+04,-2.513777690041169244e+00
5.700000000000000000e+01,1.867776000000000204e+04,-2.564884454886118270e+00
5.800000000000000000e+01,1.900543999999999869e+04,-3.161103297996602723e+00
5.900000000000000000e+01,1.933311999999999898e+04,-3.429949980828236988e+00
6.000000000000000000e+01,1.966079999999999927e+04,-2.500967623085370128e+00
6.100000000000000000e+01,1.998847999999999956e+04,-2.057045751197529526e+00
6.200000000000000000e+01,2.031615999999999985e+04,-2.156701337700020371e+00
6.300000000000000000e+01,2.064384000000000015e+04,-2.592925297521948558e+00
6.400000000000000000e+01,2.097152000000000044e+04,-2.907793709444797425e+00
6.500000000000000000e+01,2.129920000000000073e+04,-2.293439805406330745e+00
6.600000000000000000e+01,2.162688000000000102e+04,-2.144220672142406858e+00
6.700000000000000000e+01,2.195456000000000131e+04,-1.854288452498277673e+00
6.800000000000000000e+01,2.228224000000000160e+04,-1.842521071192246174e+00
6.900000000000000000e+01,2.260992000000000189e+04,-1.571271347900029092e+00
7.000000000000000000e+01,2.293760000000000218e+04,-1.104529996840177608e+00
7.100000000000000000e+01,2.326527999999999884e+04,-3.905377393380279893e-01
7.200000000000000000e+01,2.359295999999999913e+04,-2.807113719927881168e-01
7.300000000000000000e+01,2.392063999999999942e+04,-4.095357651782680075e-01
7.400000000000000000e+01,2.424831999999999971e+04,-5.663020790886422740e-01
7.500000000000000000e+01,2.457600000000000000e+04,-5.655042312650581104e-01
7.600000000000000000e+01,2.490368000000000029e+04,-2.462406420289771705e-02
7.700000000000000000e+01,2.523136000000000058e+04,-3.617529093941449503e-01
7.800000000000000000e+01,2.555904000000000087e+04,-1.017447875193832063e+00
7.900000000000000000e+01,2.588672000000000116e+04,-2.204654289035310022e+00
8.000000000000000000e+01,2.621440000000000146e+04,-2.803598415426147739e+00
8.100000000000000000e+01,2.654208000000000175e+04,-2.583380885366024948e+00
8.200000000000000000e+01,2.686976000000000204e+04,-2.519843732333154396e+00
8.300000000000000000e+01,2.719744000000000233e+04,-3.290098899169029867e+00
8.400000000000000000e+01,2.752511999999999898e+04,-4.136528699828037503e+00
8.500000000000000000e+01,2.785279999999999927e+04,-4.745291023119427187e+00
8.600000000000000000e+01,2.818047999999999956e+04,-4.249412758376362120e+00
8.700000000000000000e+01,2.850815999999999985e+04,-3.864403186907590992e+00
8.800000000000000000e+01,2.883584000000000015e+04,-3.774498756672399313e+00
8.900000000000000000e+01,2.916352000000000044e+04,-3.823774870398197745e+00
9.000000000000000000e+01,2.949120000000000073e+04,-3.420768999182045800e+00
9.100000000000000000e+01,2.981888000000000102e+04,-2.696037131772870410e+00
9.200000000000000000e+01,3.014656000000000131e+04,-1.834238078504267344e+00
9.300000000000000000e+01,3.047424000000000160e+04,-9.283690387000304023e-01
9.400000000000000000e+01,3.080192000000000189e+04,-3.485541319425108919e-01
9.500000000000000000e+01,3.112960000000000218e+04,-3.540394579084248927e-01
9.600000000000000000e+01,3.145727999999999884e+04,-1.630691456163185504e-01
9.700000000000000000e+01,3.178495999999999913e+04,7.270524987446934650e-01
9.800000000000000000e+01,3.211263999999999942e+04,1.261908602363791987e+00
9.900000000000000000e+01,3.244031999999999971e+04,1.214988370434045173e+00
1.000000000000000000e+02,3.276800000000000000e+04,6.937418821180120210e-01
1.010000000000000000e+02,3.309568000000000029e+04,1.023747855317052702e+00
1.020000000000000000e+02,3.342336000000000058e+04,1.764928022353824177e+00
1.030000000000000000e+02,3.375104000000000087e+04,2.373994064236086832e+00
1.040000000000000000e+02,3.407872000000000116e+04,2.283007182739628771e+00
1.050000000000000000e+02,3.440640000000000146e+04,1.760355049213854661e+00
1.060000000000000000e+02,3.473408000000000175e+04,2.075745711391849380e+00
1.070000000000000000e+02,3.506176000000000204e+04,2.179267211736928278e+00
1.080000000000000000e+02,3.538944000000000233e+04,2.226800685680395464e+00
1.090000000000000000e+02,3.571712000000000262e+04,1.976494396643005969e+00
1.100000000000000000e+02,3.604480000000000291e+04,1.410271346008218574e+00
1.110000000000000000e+02,3.637248000000000320e+04,1.485414896840664412e+00
1.120000000000000000e+02,3.670016000000000349e+04,1.634595520831693349e+00
1.130000000000000000e+02,3.702784000000000378e+04,1.357202280016755580e+00
1.140000000000000000e+02,3.735552000000000407e+04,1.609516972471174867e+00
1.150000000000000000e+02,3.768320000000000437e+04,1.905334441156898651e+00
1.160000000000000000e+02,3.801087999999999738e+04,1.793898402534784386e+00
1.170000000000000000e+02,3.833855999999999767e+04,1.651381986732022078e+00
1.180000000000000000e+02,3.866623999999999796e+04,7.435620770263092760e-01
1.190000000000000000e+02,3.899391999999999825e+04,-2.963094086530251303e-01
1.200000000000000000e+02,3.932159999999999854e+04,-4.064652047422227521e-01
1.210000000000000000e+02,3.964927999999999884e+04,-8.157850563213919770e-02
1.220000000000000000e+02,3.997695999999999913e+04,-1.647488575266719268e-01
1.230000000000000000e+02,4.030463999999999942e+04,-7.810971392743265573e-01
1.240000000000000000e+02,4.063231999999999971e+04,-1.318337556226554019e+00
1.250000000000000000e+02,4.096000000000000000e+04,-7.837529409763153154e-01
1.260000000000000000e+02,4.128768000000000029e+04,-3.443056942521997149e-02
1.270000000000000000e+02,4.161536000000000058e+04,9.248470722129405186e-02
1.280000000000000000e+02,4.194304000000000087e+04,-7.055210928061977915e-01
1.290000000000000000e+02,4.227072000000000116e+04,-1.381989701853777452e+00
1.300000000000000000e+02,4.259840000000000146e+04,-1.099200662314308907e+00
1.310000000000000000e+02,4.292608000000000175e+04,-4.428005780343218234e-01
1.320000000000000000e+02,4.325376000000000204e+04,-7.580498862303070018e-01
1.330000000000000000e+02,4.358144000000000233e+04,-1.814214690829813570e+00
1.340000000000000000e+02,4.390912000000000262e+04,-2.824101482746334657e+00
1.350000000000000000e+02,4.423680000000000291e+04,-2.987570637131491846e+00
1.360000000000000000e+02,4.456448000000000320e+04,-1.654883664760797179e+00
1.370000000000000000e+02,4.489216000000000349e+04,-1.417900455854636865e+00
1.380000000000000000e+02,4.521984000000000378e+04,-2.148571949764179312e+00
1.390000000000000000e+02,4.554752000000000407e+04,-2.561035510612791111e+00
1.400000000000000000e+02,4.587520000000000437e+04,-2.274789252728255828e+00
1.410000000000000000e+02,4.620287999999999738e+04,-1.068185769204415658e+00
1.420000000000000000e+02,4.653055999999999767e+04,-7.401245767790426422e-01
1.430000000000000000e+02,4.685823999999999796e+04,-1.555603979999604425e+00
1.440000000000000000e+02,4.718591999999999825e+04,-2.255994674371106345e+00
1.450000000000000000e+02,4.751359999999999854e+04,-2.112350826778994328e+00
1.460000000000000000e+02,4.784127999999999884e+04,-5.348006017613272656e-01
1.470000000000000000e+02,4.816895999999999913e+04,-2.395669243238141843e-01
1.480000000000000000e+02,4.849663999999999942e+04,-1.307513916085293104e+00
1.490000000000000000e+02,4.882431999999999971e+04,-2.258956539508582662e+00
1.500000000000000000e+02,4.915200000000000000e+04,-2.332506997345247690e+00
1.510000000000000000e+02,4.947968000000000029e+04,-1.454981382133917256e+00
1.520000000000000000e+02,4.980736000000000058e+04,-7.516079925147106655e-01
1.530000000000000000e+02,5.013504000000000087e+04,-1.224539491095597121e+00
1.540000000000000000e+02,5.046272000000000116e+04,-2.343827747409815476e+00
1.550000000000000000e+02,5.079040000000000146e+04,-2.640162578586189301e+00
1.560000000000000000e+02,5.111808000000000175e+04,-1.598134829479528340e+00
1.570000000000000000e+02,5.144576000000000204e+04,-7.728065924387305108e-01
1.580000000000000000e+02,5.177344000000000233e+04,-8.531296320020151924e-01
1.590000000000000000e+02,5.210112000000000262e+04,-1.491055662503445456e+00
1.600000000000000000e+02,5.242880000000000291e+04,-1.572026523511633078e+00
1.610000000000000000e+02,5.275648000000000320e+04,-6.555426962846876426e-01
1.620000000000000000e+02,5.308416000000000349e+04,1.876562021667925462e-01
1.630000000000000000e+02,5.341184000000000378e+04,6.057485717439972106e-01
1.640000000000000000e+02,5.373952000000000407e+04,2.064228213949048651e-01
1.650000000000000000e+02,5.406720000000000437e+04,6.501714323879337343e-02
1.660000000000000000e+02,5.439488000000000466e+04,4.222365947051545665e-01
1.670000000000000000e+02,5.472255999999999767e+04,9.383342904023003195e-01
1.680000000000000000e+02,5.505023999999999796e+04,5.666547490969598977e-01
1.690000000000000000e+02,5.537791999999999825e+04,-5.132395120184884973e-02
1.700000000000000000e+02,5.570559999999999854e+04,-2.780154871569697761e-01
1.710000000000000000e+02,5.603327999999999884e+04,1.213296559177227535e-01
1.720000000000000000e+02,5.636095999999999913e+04,-2.680401579340238594e-01
1.730000000000000000e+02,5.668863999999999942e+04,-1.549996612919028183e-01
1.740000000000000000e+02,5.701631999999999971e+04,-4.372827973067924812e-01
1.750000000000000000e+02,5.734400000000000000e+04,-4.539946231703846924e-01
1.760000000000000000e+02,5.767168000000000029e+04,-6.581020155260226545e-01
1.770000000000000000e+02,5.799936000000000058e+04,-1.231404750696238892e+00
1.780000000000000000e+02,5.832704000000000087e+04,-1.641817508460255537e+00
1.790000000000000000e+02,5.865472000000000116e+04,-1.673900308143003279e+00
1.800000000000000000e+02,5.898240000000000146e+04,-3.476253127094809936e-01
1.810000000000000000e+02,5.931008000000000175e+04,4.000007737328073465e-01
1.820000000000000000e+02,5.963776000000000204e+04,3.088095120864728926e-01
1.830000000000000000e+02,5.996544000000000233e+04,7.490841264363308494e-02
1.840000000000000000e+02,6.029312000000000262e+04,3.274222420107862352e-01
1.850000000000000000e+02,6.062080000000000291e+04,1.603801361118419644e+00
1.860000000000000000e+02,6.094848000000000320e+04,2.019350616411859090e+00
1.870000000000000000e+02,6.127616000000000349e+04,1.675238008993437555e+00
1.880000000000000000e+02,6.160384000000000378e+04,1.343115550353858323e+00
1.890000000000000000e+02,6.193152000000000407e+04,1.617053142490342710e+00
1.900000000000000000e+02,6.225920000000000437e+04,2.744927571017663492e+00
1.910000000000000000e+02,6.258688000000000466e+04,2.583977615819230245e+00
1.920000000000000000e+02,6.291455999999999767e+04,2.131680312448131165e+00
1.930000000000000000e+02,6.324223999999999796e+04,1.863001643609529800e+00
1.940000000000000000e+02,6.356991999999999825e+04,1.514489875945221664e+00
1.950000000000000000e+02,6.389759999999999854e+04,1.977711109806554513e+00
1.960000000000000000e+02,6.422527999999999884e+04,1.959658799610585200e+00
1.970000000000000000e+02,6.455295999999999913e+04,1.741332185850577252e+00
1.980000000000000000e+02,6.488063999999999942e+04,2.311771947197969190e+00
1.990000000000000000e+02,6.520831999999999971e+04,2.529239443592625758e+00
2.000000000000000000e+02,6.553600000000000000e+04,2.912540092006443704e+00
2.010000000000000000e+02,6.586368000000000757e+04,2.707079492751853333e+00
2.020000000000000000e+02,6.619136000000000058e+04,2.277763954606381258e+00
2.030000000000000000e+02,6.651904000000000815e+04,2.286950467913878793e+00
2.040000000000000000e+02,6.684672000000000116e+04,2.466062838894516496e+00
2.050000000000000000e+02,6.717439999999999418e+04,2.752397005338249159e+00
2.060000000000000000e+02,6.750208000000000175e+04,2.505323367298625481e+00
2.070000000000000000e+02,6.782975999999999476e+04,2.496237009789861627e+00
2.080000000000000000e+02,6.815744000000000233e+04,2.694197629768092295e+00
2.090000000000000000e+02,6.848511999999999534e+04,3.023213653384136279e+00
2.100000000000000000e+02,6.881280000000000291e+04,3.226604317931871524e+00
2.110000000000000000e+02,6.914047999999999593e+04,2.902113502474372719e+00
2.120000000000000000e+02,6.946816000000000349e+04,2.724999533786820027e+00
2.130000000000000000e+02,6.979583999999999651e+04,2.991349810640581808e+00
2.140000000000000000e+02,7.012352000000000407e+04,3.605931220971815065e+00
2.150000000000000000e+02,7.045119999999999709e+04,3.731895518830857128e+00
2.160000000000000000e+02,7.077888000000000466e+04,3.212070495538032588e+00
2.170000000000000000e+02,7.110655999999999767e+04,3.087363664078619507e+00
2.180000000000000000e+02,7.143424000000000524e+04,3.022146818099503918e+00
2.190000000000000000e+02,7.176191999999999825e+04,3.282657754788505855e+00
2.200000000000000000e+02,7.208960000000000582e+04,3.415401854078002231e+00
2.210000000000000000e+02,7.241727999999999884e+04,2.480688484906447666e+00
2.220000000000000000e+02,7.274496000000000640e+04,1.741046689502777411e+00
2.230000000000000000e+02,7.307263999999999942e+04,1.475820741347825704e+00
2.240000000000000000e+02,7.340032000000000698e+04,1.743218840803982372e+00
2.250000000000000000e+02,7.372800000000000000e+04,1.537176066386020779e+00
2.260000000000000000e+02,7.405568000000000757e+04,1.087981076170598360e+00
2.270000000000000000e+02,7.438336000000000058e+04,2.968589166440634419e-01
2.280000000000000000e+02,7.471104000000000815e+04,2.251524082785051062e-01
2.290000000000000000e+02,7.503872000000000116e+04,2.811577032725420255e-01
2.300000000000000000e+02,7.536640000000000873e+04,3.079080013539733929e-01
2.310000000000000000e+02,7.569408000000000175e+04,-3.239388980209685909e-01
2.320000000000000000e+02,7.602175999999999476e+04,-1.792387891751537010e+00
2.330000000000000000e+02,7.634944000000000233e+04,-2.636391714858003610e+00
2.340000000000000000e+02,7.667711999999999534e+04,-2.802034716412999060e+00
2.350000000000000000e+02,7.700480000000000291e+04,-2.569765333245609629e+00
2.360000000000000000e+02,7.733247999999999593e+04,-2.808249132969286688e+00
2.370000000000000000e+02,7.766016000000000349e+04,-3.556962451509225520e+00
2.380000000000000000e+02,7.798783999999999651e+04,-4.200296904625044903e+00
2.390000000000000000e+02,7.831552000000000407e+04,-4.271312933008892365e+00
2.400000000000000000e+02,7.864319999999999709e+04,-4.064019907826589950e+00
2.410000000000000000e+02,7.897088000000000466e+04,-4.396598629509953504e+00
2.420000000000000000e+02,7.929855999999999767e+04,-4.775222930098795615e+00
2.430000000000000000e+02,7.962624000000000524e+04,-5.348386332752249395e+00
2.440000000000000000e+02,7.995391999999999825e+04,-5.219151874745095121e+00
2.450000000000000000e+02,8.028160000000000582e+04,-5.198068136705052744e+00
2.460000000000000000e+02,8.060927999999999884e+04,-5.423213067947927790e+00
2.470000000000000000e+02,8.093696000000000640e+04,-5.826544504505229760e+00
2.480000000000000000e+02,8.126463999999999942e+04,-6.093782424710417978e+00
2.490000000000000000e+02,8.159232000000000698e+04,-5.743074700884526429e+00
2.500000000000000000e+02,8.192000000000000000e+04,-5.811454478454408878e+00
2.510000000000000000e+02,8.224768000000000757e+04,-5.860652985055512687e+00
2.520000000000000000e+02,8.257536000000000058e+04,-6.111861018707620552e+00
2.530000000000000000e+02,8.290304000000000815e+04,-6.247092083130836748e+00
2.540000000000000000e+02,8.323072000000000116e+04,-6.081746626919656507e+00
2.550000000000000000e+02,8.355840000000000873e+04,-6.281364273596988568e+00
2.560000000000000000e+02,8.388608000000000175e+04,-6.289118021490659238e+00
2.570000000000000000e+02,8.421375999999999476e+04,-6.693818333043572544e+00
2.580000000000000000e+02,8.454144000000000233e+04,-6.637670839098799291e+00
2.590000000000000000e+02,8.486911999999999534e+04,-6.259481650350988247e+00
2.600000000000000000e+02,8.519680000000000291e+04,-6.745263679474553520e+00
2.610000000000000000e+02,8.552447999999999593e+04,-7.024512650350986043e+00
2.620000000000000000e+02,8.585216000000000349e+04,-6.660155201440303152e+00
2.630000000000000000e+02,8.617983999999999651e+04,-6.158871454796583045e+00
2.640000000000000000e+02,8.650752000000000407e+04,-5.804727590338289112e+00
2.650000000000000000e+02,8.683519999999999709e+04,-6.504501565748141978e+00
2.660000000000000000e+02,8.716288000000000466e+04,-7.135928664121862219e+00
2.670000000000000000e+02,8.749055999999999767e+04,-6.801039577600985098e+00
2.680000000000000000e+02,8.781824000000000524e+04,-6.061371096448649354e+00
2.690000000000000000e+02,8.814591999999999825e+04,-5.754134649326275941e+00
2.700000000000000000e+02,8.847360000000000582e+04,-6.407789757710791179e+00
2.710000000000000000e+02,8.880127999999999884e+04,-6.896774715888209784e+00
2.720000000000000000e+02,8.912896000000000640e+04,-7.228611356122595311e+00
2.730000000000000000e+02,8.945663999999999942e+04,-6.279673333896703902e+00
2.740000000000000000e+02,8.978432000000000698e+04,-5.463145828866860398e+00
2.750000000000000000e+02,9.011200000000000000e+04,-5.722784831265031791e+00
2.760000000000000000e+02,9.043968000000000757e+04,-6.487468736540436431e+00
2.770000000000000000e+02,9.076736000000000058e+04,-7.030228340861186531e+00
2.780000000000000000e+02,9.109504000000000815e+04,-6.786900968010292523e+00
2.790000000000000000e+02,9.142272000000000116e+04,-6.295364450062368888e+00
2.800000000000000000e+02,9.175040000000000873e+04,-6.610837156085801247e+00
2.810000000000000000e+02,9.207808000000000175e+04,-7.253710054387401129e+00
2.820000000000000000e+02,9.240575999999999476e+04,-7.650027188823584900e+00
2.830000000000000000e+02,9.273344000000000233e+04,-7.004315441630570405e+00
2.840000000000000000e+02,9.306111999999999534e+04,-5.648751508742960503e+00
2.850000000000000000e+02,9.338880000000000291e+04,-5.295088772435985192e+00
2.860000000000000000e+02,9.371647999999999593e+04,-5.617370649695036633e+00
2.870000000000000000e+02,9.404416000000000349e+04,-5.554831814215561714e+00
2.880000000000000000e+02,9.437183999999999651e+04,-4.533840292109103665e+00
2.890000000000000000e+02,9.469952000000000407e+04,-2.793053238200605914e+00
2.900000000000000000e+02,9.502719999999999709e+04,-1.997073914418824314e+00
2.910000000000000000e+02,9.535488000000000466e+04,-2.326048725232296999e+00
2.920000000000000000e+02,9.568255999999999767e+04,-2.554494638621249702e+00
2.930000000000000000e+02,9.601024000000000524e+04,-2.108539166753022887e+00
2.940000000000000000e+02,9.633791999999999825e+04,-1.690177860563759182e+00
2.950000000000000000e+02,9.666560000000000582e+04,-1.287772593874085159e+00
2.960000000000000000e+02,9.699327999999999884e+04,-1.619435529318659306e+00
2.970000000000000000e+02,9.732096000000000640e+04,-1.996499799152750443e+00
2.980000000000000000e+02,9.764863999999999942e+04,-1.571276944669148135e+00
2.990000000000000000e+02,9.797632000000000698e+04,-1.150512216328144932e+00
3.000000000000000000e+02,9.830400000000000000e+04,-4.571945156421310941e-01
3.010000000000000000e+02,9.863168000000000757e+04,-3.397829500549646720e-01
3.020000000000000000e+02,9.895936000000000058e+04,-3.770941965543427865e-01
3.030000000000000000e+02,9.928704000000000815e+04,3.808104765086526844e-01
3.040000000000000000e+02,9.961472000000000116e+04,9.678009299615416561e-01
3.050000000000000000e+02,9.994240000000000873e+04,1.457713755290797719e+00
3.060000000000000000e+02,1.002700800000000017e+05,2.010568329623979356e+00
3.070000000000000000e+02,1.005977600000000093e+05,1.949720321464341266e+00
3.080000000000000000e+02,1.009254400000000023e+05,2.322884129601221481e+00
3.090000000000000000e+02,1.012531199999999953e+05,2.586501506629335534e+00
3.100000000000000000e+02,1.015808000000000029e+05,2.607841954932092143e+00
3.110000000000000000e+02,1.019084799999999959e+05,3.310596525001679336e+00
3.120000000000000000e+02,1.022361600000000035e+05,3.585524265093950280e+00
3.130000000000000000e+02,1.025638399999999965e+05,4.224253997039645547e+00
3.140000000000000000e+02,1.028915200000000041e+05,4.210941355357298299e+00
3.150000000000000000e+02,1.032191999999999971e+05,3.396000945820575989e+00
3.160000000000000000e+02,1.035468800000000047e+05,3.227944169916385331e+00
3.170000000000000000e+02,1.038745599999999977e+05,3.464647579461035409e+00
3.180000000000000000e+02,1.042022400000000052e+05,3.573703946741096704e+00
3.190000000000000000e+02,1.045299199999999983e+05,3.058040076137474639e+00
3.200000000000000000e+02,1.048576000000000058e+05,2.110948973462731804e+00
3.210000000000000000e+02,1.051852799999999988e+05,1.446320584364583661e+00
3.220000000000000000e+02,1.055129600000000064e+05,1.938270752610348646e+00
3.230000000000000000e+02,1.058406399999999994e+05,2.731298089759769621e+00
3.240000000000000000e+02,1.061683200000000070e+05,2.612258530133334755e+00
3.250000000000000000e+02,1.064960000000000000e+05,1.994768695635150246e+00
3.260000000000000000e+02,1.068236800000000076e+05,1.625625361255848000e+00
3.270000000000000000e+02,1.071513600000000006e+05,2.240237275745320833e+00
3.280000000000000000e+02,1.074790400000000081e+05,3.451764405256295021e+00
3.290000000000000000e+02,1.078067200000000012e+05,3.756622494361688158e+00
3.300000000000000000e+02,1.081344000000000087e+05,3.341848386051950115e+00
3.310000000000000000e+02,1.084620800000000017e+05,3.049158334120146918e+00
3.320000000000000000e+02,1.087897600000000093e+05,3.237548554911632070e+00
3.330000000000000000e+02,1.091174400000000023e+05,3.955280443547685820e+00
3.340000000000000000e+02,1.094451199999999953e+05,4.048065899159058567e+00
3.350000000000000000e+02,1.097728000000000029e+05,3.383545196041853220e+00
3.360000000000000000e+02,1.101004799999999959e+05,2.545605840274919540e+00
3.370000000000000000e+02,1.104281600000000035e+05,2.159875769931527412e+00
3.380000000000000000e+02,1.107558399999999965e+05,2.463407590885354104e+00
3.390000000000000000e+02,1.110835200000000041e+05,2.983225084888809331e+00
3.400000000000000000e+02,1.114111999999999971e+05,2.439386356549887669e+00
3.410000000000000000e+02,1.117388800000000047e+05,1.730889366443975952e+00
3.420000000000000000e+02,1.120665599999999977e+05,1.982789893464289355e+00
3.430000000000000000e+02,1.123942400000000052e+05,2.396975353537888598e+00
3.440000000000000000e+02,1.127219199999999983e+05,3.306311353872467773e+00
3.450000000000000000e+02,1.130496000000000058e+05,3.306604548867015492e+00
3.460000000000000000e+02,1.133772799999999988e+05,2.873279629921584810e+00
3.470000000000000000e+02,1.137049600000000064e+05,2.972991993232707131e+00
3.480000000000000000e+02,1.140326399999999994e+05,3.218974731889932883e+00
3.490000000000000000e+02,1.143603200000000070e+05,3.583849434659509114e+00
3.500000000000000000e+02,1.146880000000000000e+05,3.772652571025594259e+00
3.510000000000000000e+02,1.150156800000000076e+05,3.230087074446836848e+00
3.520000000000000000e+02,1.153433600000000006e+05,3.065891727116807797e+00
3.530000000000000000e+02,1.156710400000000081e+05,3.720435881030452752e+00
3.540000000000000000e+02,1.159987200000000012e+05,4.158438376544200565e+00
3.550000000000000000e+02,1.163264000000000087e+05,4.228345480899242226e+00
3.560000000000000000e+02,1.166540800000000017e+05,3.479187370169162907e+00
3.570000000000000000e+02,1.169817600000000093e+05,3.062937334626777641e+00
3.580000000000000000e+02,1.173094400000000023e+05,3.717190437972325956e+00
3.590000000000000000e+02,1.176371199999999953e+05,3.774736471609868804e+00
3.600000000000000000e+02,1.179648000000000029e+05,3.658286799177395299e+00
3.610000000000000000e+02,1.182924799999999959e+05,3.197322595720974991e+00
3.620000000000000000e+02,1.186201600000000035e+05,2.696607782162363520e+00
3.630000000000000000e+02,1.189478399999999965e+05,3.251034384572386582e+00
3.640000000000000000e+02,1.192755200000000041e+05,3.354566066020975512e+00
3.650000000000000000e+02,1.196031999999999971e+05,3.292777135907145603e+00
3.660000000000000000e+02,1.199308800000000047e+05,3.145411277226058733e+00
3.670000000000000000e+02,1.202585599999999977e+05,2.724222696763655360e+00
3.680000000000000000e+02,1.205862400000000052e+05,2.727871692112696422e+00
3.690000000000000000e+02,1.209139199999999983e+05,3.051048380224369083e+00
3.700000000000000000e+02,1.212416000000000058e+05,2.746143507131507899e+00
3.710000000000000000e+02,1.215692799999999988e+05,2.222973994401036268e+00
3.720000000000000000e+02,1.218969600000000064e+05,1.965359802405061806e+00
3.730000000000000000e+02,1.222246399999999994e+05,1.479022694095586843e+00
3.740000000000000000e+02,1.225523200000000070e+05,2.084115175975375767e+00
3.750000000000000000e+02,1.228800000000000000e+05,2.379346712161408028e+00
3.760000000000000000e+02,1.232076800000000076e+05,2.041505014633951287e+00
3.770000000000000000e+02,1.235353600000000006e+05,2.031670446958046661e+00
3.780000000000000000e+02,1.238630400000000081e+05,1.204150659120823752e+00
3.790000000000000000e+02,1.241907200000000012e+05,1.186542810793337344e+00
3.800000000000000000e+02,1.245184000000000087e+05,2.107273613330669981e+00
3.810000000000000000e+02,1.248460800000000017e+05,2.196698146113934325e+00
3.820000000000000000e+02,1.251737600000000093e+05,2.210732396376612119e+00
3.830000000000000000e+02,1.255014400000000023e+05,2.034420922719214708e+00
3.840000000000000000e+02,1.258291199999999953e+05,2.028249459782631714e+00
3.850000000000000000e+02,1.261568000000000029e+05,2.991313575232914079e+00
3.860000000000000000e+02,1.264844799999999959e+05,3.213162494214980569e+00
3.870000000000000000e+02,1.268121600000000035e+05,2.867692672284748223e+00
3.880000000000000000e+02,1.271398399999999965e+05,2.438487025168096789e+00
3.890000000000000000e+02,1.274675200000000041e+05,1.749355370407230659e+00
3.900000000000000000e+02,1.277951999999999971e+05,1.966904305193325264e+00
3.910000000000000000e+02,1.281228800000000047e+05,2.520433238083664929e+00
3.920000000000000000e+02,1.284505599999999977e+05,2.606656742456404441e+00
3.930000000000000000e+02,1.287782400000000052e+05,2.468374898533979067e+00
3.940000000000000000e+02,1.291059199999999983e+05,1.874119300514160535e+00
3.950000000000000000e+02,1.294336000000000058e+05,1.479813039397667618e+00
3.960000000000000000e+02,1.297612799999999988e+05,1.770277456764097090e+00
3.970000000000000000e+02,1.300889600000000064e+05,2.253640368783160319e+00
3.980000000000000000e+02,1.304166399999999994e+05,2.462071958398738936e+00
3.990000000000000000e+02,1.307443200000000070e+05,1.567921558995698073e+00
4.000000000000000000e+02,1.310720000000000000e+05,2.735746020809684542e-01
4.010000000000000000e+02,1.313996799999999930e+05,2.644826830755381830e-01
4.020000000000000000e+02,1.317273600000000151e+05,1.062565459244456667e+00
4.030000000000000000e+02,1.320550400000000081e+05,1.665671391799964596e+00
4.040000000000000000e+02,1.323827200000000012e+05,7.267474039166980093e-01
4.050000000000000000e+02,1.327103999999999942e+05,-7.912270302531859700e-01
4.060000000000000000e+02,1.330380800000000163e+05,-1.638747004618879677e+00
4.070000000000000000e+02,1.333657600000000093e+05,-9.988955285458341882e-01
4.080000000000000000e+02,1.336934400000000023e+05,2.538885665627324539e-01
4.090000000000000000e+02,1.340211199999999953e+05,-2.995160185666552732e-01
4.100000000000000000e+02,1.343487999999999884e+05,-1.896126919259443433e+00
4.110000000000000000e+02,1.346764800000000105e+05,-3.144541542271505730e+00
4.120000000000000000e+02,1.350041600000000035e+05,-3.047156231936001713e+00
4.130000000000000000e+02,1.353318399999999965e+05,-2.016162759680108163e+00
4.140000000000000000e+02,1.356595199999999895e+05,-1.577440430147422967e+00
4.150000000000000000e+02,1.359872000000000116e+05,-2.763166284954720719e+00
4.160000000000000000e+02,1.363148800000000047e+05,-3.956105667891666844e+00
4.170000000000000000e+02,1.366425599999999977e+05,-4.147532345365442019e+00
4.180000000000000000e+02,1.369702399999999907e+05,-3.276858812574432900e+00
4.190000000000000000e+02,1.372979200000000128e+05,-2.742980358201366098e+00
4.200000000000000000e+02,1.376256000000000058e+05,-3.660582910245744781e+00
4.210000000000000000e+02,1.379532799999999988e+05,-4.915714282075447805e+00
4.220000000000000000e+02,1.382809599999999919e+05,-5.607786506727638454e+00
4.230000000000000000e+02,1.386086400000000140e+05,-5.003455319931777723e+00
4.240000000000000000e+02,1.389363200000000070e+05,-4.465593942292610308e+00
4.250000000000000000e+02,1.392640000000000000e+05,-4.814461321807038452e+00
4.260000000000000000e+02,1.395916799999999930e+05,-5.712958182039866273e+00
4.270000000000000000e+02,1.399193600000000151e+05,-5.857749571170409730e+00
4.280000000000000000e+02,1.402470400000000081e+05,-5.144255905080350466e+00
4.290000000000000000e+02,1.405747200000000012e+05,-4.749150726771580899e+00
4.300000000000000000e+02,1.409023999999999942e+05,-5.249885581284406300e+00
4.310000000000000000e+02,1.412300800000000163e+05,-6.015332782931829492e+00
4.320000000000000000e+02,1.415577600000000093e+05,-5.797075261348859421e+00
4.330000000000000000e+02,1.418854400000000023e+05,-4.375615554150365405e+00
4.340000000000000000e+02,1.422131199999999953e+05,-3.385014659523898128e+00
4.350000000000000000e+02,1.425408000000000175e+05,-3.769221239902675880e+00
4.360000000000000000e+02,1.428684800000000105e+05,-3.915831037975696205e+00
4.370000000000000000e+02,1.431961600000000035e+05,-2.906357514118697249e+00
4.380000000000000000e+02,1.435238399999999965e+05,-1.658714555531265455e+00
4.390000000000000000e+02,1.438515199999999895e+05,-1.587398061169446484e+00
4.400000000000000000e+02,1.441792000000000116e+05,-2.434042834341697326e+00
4.410000000000000000e+02,1.445068800000000047e+05,-2.677578130820190694e+00
4.420000000000000000e+02,1.448345599999999977e+05,-1.824958405156142272e+00
4.430000000000000000e+02,1.451622399999999907e+05,-8.071667194124015898e-01
4.440000000000000000e+02,1.454899200000000128e+05,-4.690940177794485355e-01
4.450000000000000000e+02,1.458176000000000058e+05,-1.515373959610015531e+00
4.460000000000000000e+02,1.461452799999999988e+05,-1.928265965918260827e+00
4.470000000000000000e+02,1.464729599999999919e+05,-1.549563070570716405e+00
4.480000000000000000e+02,1.468006400000000140e+05,-9.347622524073635475e-01
4.490000000000000000e+02,1.471283200000000070e+05,-5.476280835446220019e-01
4.500000000000000000e+02,1.474560000000000000e+05,-1.130048909211788244e+00
4.510000000000000000e+02,1.477836799999999930e+05,-1.609541355436042265e+00
4.520000000000000000e+02,1.481113600000000151e+05,-1.483128366465138015e+00
4.530000000000000000e+02,1.484390400000000081e+05,-6.875529135096117850e-01
4.540000000000000000e+02,1.487667200000000012e+05,-1.350562375597794684e-01
4.550000000000000000e+02,1.490943999999999942e+05,-1.201927161055176968e-01
4.560000000000000000e+02,1.494220800000000163e+05,-1.925130482978560098e-01
4.570000000000000000e+02,1.497497600000000093e+05,-8.876932626113080704e-02
4.580000000000000000e+02,1.500774400000000023e+05,2.405406117383425413e-01
4.590000000000000000e+02,1.504051199999999953e+05,2.262314142083197976e-01
4.600000000000000000e+02,1.507328000000000175e+05,4.825198701364413201e-01
4.610000000000000000e+02,1.510604800000000105e+05,4.190251817434272330e-01
4.620000000000000000e+02,1.513881600000000035e+05,5.741075753316412511e-01
4.630000000000000000e+02,1.517158399999999965e+05,1.036431814698863585e+00
4.640000000000000000e+02,1.520435199999999895e+05,6.558167516624644477e-01
4.650000000000000000e+02,1.523712000000000116e+05,5.558099539696886859e-01
4.660000000000000000e+02,1.526988800000000047e+05,1.864744262666192254e-01
4.670000000000000000e+02,1.530265599999999977e+05,4.163938853074791169e-01
4.680000000000000000e+02,1.533542399999999907e+05,9.527281544819610204e-01
4.690000000000000000e+02,1.536819200000000128e+05,9.088588252455531702e-01
4.700000000000000000e+02,1.540096000000000058e+05,4.873809424966196180e-01
4.710000000000000000e+02,1.543372799999999988e+05,-8.090166452641896211e-02
4.720000000000000000e+02,1.546649599999999919e+05,-5.516575487936270505e-01
4.730000000000000000e+02,1.549926400000000140e+05,-4.793159415921660060e-01
4.740000000000000000e+02,1.553203200000000070e+05,-8.313774252013900190e-01
4.750000000000000000e+02,1.556480000000000000e+05,-1.319165162287742499e+00
4.760000000000000000e+02,1.559756799999999930e+05,-1.904892274347878889e+00
4.770000000000000000e+02,1.563033600000000151e+05,-2.585633461623924934e+00
4.780000000000000000e+02,1.566310400000000081e+05,-2.747172859898324049e+00
4.790000000000000000e+02,1.569587200000000012e+05,-2.902970339345279260e+00
4.800000000000000000e+02,1.572863999999999942e+05,-2.365608582966761464e+00
4.810000000000000000e+02,1.576140800000000163e+05,-2.573423854284349055e+00
4.820000000000000000e+02,1.579417600000000093e+05,-3.111908037515134229e+00
4.830000000000000000e+02,1.582694400000000023e+05,-3.784828655346585524e+00
4.840000000000000000e+02,1.585971199999999953e+05,-3.400973199547222325e+00
4.850000000000000000e+02,1.589248000000000175e+05,-2.646594095220122789e+00
4.860000000000000000e+02,1.592524800000000105e+05,-2.548691482029372679e+00
4.870000000000000000e+02,1.595801600000000035e+05,-2.818307897431536535e+00
4.880000000000000000e+02,1.599078399999999965e+05,-2.931952459982650083e+00
4.890000000000000000e+02,1.602355199999999895e+05,-2.490909033724716171e+00
4.900000000000000000e+02,1.605632000000000116e+05,-2.236588419682378870e+00
4.910000000000000000e+02,1.608908800000000047e+05,-2.202372848477984757e+00
4.920000000000000000e+02,1.612185599999999977e+05,-2.631199413537226306e+00
4.930000000000000000e+02,1.615462399999999907e+05,-2.703301970305270530e+00
4.940000000000000000e+02,1.618739200000000128e+05,-2.600251802117270028e+00
4.950000000000000000e+02,1.622016000000000058e+05,-2.688971150368331120e+00
4.960000000000000000e+02,1.625292799999999988e+05,-2.930998191390751018e+00
4.970000000000000000e+02,1.628569599999999919e+05,-3.172364514868168062e+00
4.980000000000000000e+02,1.631846400000000140e+05,-3.297945008747570128e+00
4.990000000000000000e+02,1.635123200000000070e+05,-3.498562617230466021e+00
5.000000000000000000e+02,1.638400000000000000e+05,-3.655605892866382600e+00
5.010000000000000000e+02,1.641676799999999930e+05,-3.532507421896612154e+00
5.020000000000000000e+02,1.644953600000000151e+05,-1.972127922634292263e+00
5.030000000000000000e+02,1.648230400000000081e+05,8.032389043720543631e-01
5.040000000000000000e+02,1.651507200000000012e+05,4.823598023887138986e+00
5.050000000000000000e+02,1.654783999999999942e+05,9.861911200384518850e+00
5.060000000000000000e+02,1.658060800000000163e+05,1.464212153272156947e+01
5.070000000000000000e+02,1.661337600000000093e+05,1.897167312932793948e+01
5.080000000000000000e+02,1.664614400000000023e+05,2.308619015980381661e+01
5.090000000000000000e+02,1.667891199999999953e+05,2.681417343062114256e+01
5.100000000000000000e+02,1.671168000000000175e+05,2.988409250415006113e+01
5.110000000000000000e+02,1.674444800000000105e+05,3.070506368641419570e+01
